filename,,name,filename,original_shape,transformed_shape,params,reduction_time,accuracy,train_time,score_series
"1000_0.33_(-100, 100)",0,extremely sparse JL transform,"1000_0.33_(-100, 100)","(1000, 1000)","(1110, 2351)","{'ep': 0.05, 'de': 0.05}",0.016115581,0.97,0.638783137,8.715012408758241
"1000_0.33_(-100, 100)",26,extremely sparse JL transform,"1000_0.33_(-100, 100)","(1000, 10000)","(1110, 3135)","{'ep': 0.05, 'de': 0.05}",0.131163676,0.99,0.765473702,10.688151795558598
"1000_0.33_(-100, 100)",68,JL transform,"1000_0.33_(-100, 100)","(1000, 20000)","(1110, 2000)","{'ep': 0.05, 'de': 0.05}",2.809122772,0.99,0.450132612,4.658937962166568
"1000_0.33_(-100, 100)",78,extremely sparse JL transform,"1000_0.33_(-100, 100)","(10000, 1000)","(10110, 2961)","{'ep': 0.05, 'de': 0.05}",0.375906121,0.22,2.095778206,3.1388999662592004e-06
"1000_0.33_(-100, 100)",122,JL transform,"1000_0.33_(-100, 100)","(10000, 10000)","(10110, 7189)","{'ep': 0.1, 'de': 0.05}",14.604988114,1.0,2.349191348,2.484848484848485
"1000_0.33_(-100, 100)",131,extremely sparse JL transform,"1000_0.33_(-100, 100)","(10000, 20000)","(10110, 4108)","{'ep': 0.05, 'de': 0.1}",2.695430377,0.93,2.415506596,2.4932421884993903
"1000_0.33_(-100, 100)",157,extremely sparse JL transform,"1000_0.33_(-100, 100)","(20000, 1000)","(20110, 3056)","{'ep': 0.05, 'de': 0.1}",0.759568607,0.27,2.940273109,2.4332588338458535e-05
"1000_0.33_(-100, 100)",206,PCA,"1000_0.33_(-100, 100)","(20000, 10000)","(20110, 201)","{'n_components': 201, 'svd_solver': 'auto'}",32.290367042,0.99,0.367886513,1.9183862197156456
"1000_0.33_(-100, 100)",270,sparse JL transform,"1000_0.33_(-100, 100)","(20000, 20000)","(20110, 7189)","{'ep': 0.1, 'de': 0.05}",56.741996657,1.0,3.591562263,1.993620414673046
"1000_0.33_(-1000, 1000)",0,extremely sparse JL transform,"1000_0.33_(-1000, 1000)","(1000, 1000)","(1110, 2351)","{'ep': 0.05, 'de': 0.05}",0.017848213,1.0,0.607140966,11.818181818181818
"1000_0.33_(-1000, 1000)",26,extremely sparse JL transform,"1000_0.33_(-1000, 1000)","(1000, 10000)","(1110, 3135)","{'ep': 0.05, 'de': 0.05}",0.11439259,1.0,0.655701283,11.818181818181818
"1000_0.33_(-1000, 1000)",52,extremely sparse JL transform,"1000_0.33_(-1000, 1000)","(1000, 20000)","(1110, 3371)","{'ep': 0.05, 'de': 0.05}",0.265409746,1.0,0.777607212,11.818181818181818
"1000_0.33_(-1000, 1000)",78,extremely sparse JL transform,"1000_0.33_(-1000, 1000)","(10000, 1000)","(10110, 2961)","{'ep': 0.05, 'de': 0.05}",0.400851333,1.0,2.089970592,11.818181818181818
"1000_0.33_(-1000, 1000)",119,sparse JL transform,"1000_0.33_(-1000, 1000)","(10000, 10000)","(10110, 68)","{'ep': 0.9, 'de': 0.1}",0.822495407,1.0,0.562441333,11.818181818181818
"1000_0.33_(-1000, 1000)",143,sparse JL transform,"1000_0.33_(-1000, 1000)","(10000, 20000)","(10110, 221)","{'ep': 0.5, 'de': 0.1}",1.643922777,1.0,0.35787443,6.818181818181818
"1000_0.33_(-1000, 1000)",156,extremely sparse JL transform,"1000_0.33_(-1000, 1000)","(20000, 1000)","(20110, 3151)","{'ep': 0.05, 'de': 0.05}",0.78508105,1.0,2.870226738,11.818181818181818
"1000_0.33_(-1000, 1000)",196,sparse JL transform,"1000_0.33_(-1000, 1000)","(20000, 10000)","(20110, 88)","{'ep': 0.9, 'de': 0.05}",0.940410459,1.0,0.31421013,11.818181818181818
"1000_0.33_(-1000, 1000)",223,sparse JL transform,"1000_0.33_(-1000, 1000)","(20000, 20000)","(20110, 68)","{'ep': 0.9, 'de': 0.1}",1.753800503,1.0,0.198714354,6.818181818181818
"1000_0.33_(-500, 500)",0,extremely sparse JL transform,"1000_0.33_(-500, 500)","(1000, 1000)","(1110, 2351)","{'ep': 0.05, 'de': 0.05}",0.017322336,1.0,0.493771846,11.818181818181818
"1000_0.33_(-500, 500)",26,extremely sparse JL transform,"1000_0.33_(-500, 500)","(1000, 10000)","(1110, 3135)","{'ep': 0.05, 'de': 0.05}",0.126518638,1.0,0.701200815,11.818181818181818
"1000_0.33_(-500, 500)",52,extremely sparse JL transform,"1000_0.33_(-500, 500)","(1000, 20000)","(1110, 3371)","{'ep': 0.05, 'de': 0.05}",0.266685895,1.0,0.703827721,11.818181818181818
"1000_0.33_(-500, 500)",78,extremely sparse JL transform,"1000_0.33_(-500, 500)","(10000, 1000)","(10110, 2961)","{'ep': 0.05, 'de': 0.05}",0.393738292,0.97,1.838954942,8.715012408758241
"1000_0.33_(-500, 500)",117,sparse JL transform,"1000_0.33_(-500, 500)","(10000, 10000)","(10110, 221)","{'ep': 0.5, 'de': 0.1}",0.899538483,0.99,0.416299383,10.688151795558598
"1000_0.33_(-500, 500)",143,sparse JL transform,"1000_0.33_(-500, 500)","(10000, 20000)","(10110, 221)","{'ep': 0.5, 'de': 0.1}",1.860424424,0.99,0.440576845,6.1662414205145755
"1000_0.33_(-500, 500)",157,extremely sparse JL transform,"1000_0.33_(-500, 500)","(20000, 1000)","(20110, 3056)","{'ep': 0.05, 'de': 0.1}",0.79287414,1.0,2.814193292,11.818181818181818
"1000_0.33_(-500, 500)",194,sparse JL transform,"1000_0.33_(-500, 500)","(20000, 10000)","(20110, 287)","{'ep': 0.5, 'de': 0.05}",1.496553184,1.0,0.347209935,6.818181818181818
"1000_0.33_(-500, 500)",229,JL transform,"1000_0.33_(-500, 500)","(20000, 20000)","(20110, 221)","{'ep': 0.5, 'de': 0.1}",3.128612403,0.99,0.391710779,3.9052862329925646
"1000_0.66_(-100, 100)",3,extremely sparse JL transform,"1000_0.66_(-100, 100)","(1000, 1000)","(1110, 1127)","{'ep': 0.1, 'de': 0.1}",0.01128025,0.76,0.316950811,0.7597777829129022
"1000_0.66_(-100, 100)",37,sparse JL transform,"1000_0.66_(-100, 100)","(1000, 10000)","(1110, 5526)","{'ep': 0.1, 'de': 0.1}",3.709767154,1.0,1.364399998,4.318181818181818
"1000_0.66_(-100, 100)",52,extremely sparse JL transform,"1000_0.66_(-100, 100)","(1000, 20000)","(1110, 3371)","{'ep': 0.05, 'de': 0.05}",0.266009235,0.99,0.979916936,10.688151795558598
"1000_0.66_(-100, 100)",81,extremely sparse JL transform,"1000_0.66_(-100, 100)","(10000, 1000)","(10110, 1433)","{'ep': 0.1, 'de': 0.1}",0.234038122,0.36,0.928628504,0.0004320914520074425
"1000_0.66_(-100, 100)",122,JL transform,"1000_0.66_(-100, 100)","(10000, 10000)","(10110, 7189)","{'ep': 0.1, 'de': 0.05}",14.436169247,1.0,3.198104888,2.484848484848485
"1000_0.66_(-100, 100)",154,PCA,"1000_0.66_(-100, 100)","(10000, 20000)","(10110, 101)","{'n_components': 101, 'svd_solver': 'auto'}",26.328733096,1.0,0.405779223,2.1885521885521886
"1000_0.66_(-100, 100)",158,extremely sparse JL transform,"1000_0.66_(-100, 100)","(20000, 1000)","(20110, 1575)","{'ep': 0.1, 'de': 0.05}",0.514250909,0.29,1.031243327,4.971994575366008e-05
"1000_0.66_(-100, 100)",183,extremely sparse JL transform,"1000_0.66_(-100, 100)","(20000, 10000)","(20110, 4074)","{'ep': 0.05, 'de': 0.1}",3.122753092,1.0,4.023743411,4.318181818181818
"1000_0.66_(-100, 100)",234,extremely sparse JL transform,"1000_0.66_(-100, 100)","(20000, 20000)","(20110, 4518)","{'ep': 0.05, 'de': 0.05}",5.534902531,1.0,4.404832456,3.484848484848485
"1000_0.66_(-1000, 1000)",0,extremely sparse JL transform,"1000_0.66_(-1000, 1000)","(1000, 1000)","(1110, 2351)","{'ep': 0.05, 'de': 0.05}",0.017048569,1.0,0.50487394,11.818181818181818
"1000_0.66_(-1000, 1000)",26,extremely sparse JL transform,"1000_0.66_(-1000, 1000)","(1000, 10000)","(1110, 3135)","{'ep': 0.05, 'de': 0.05}",0.124610361,1.0,0.673763885,11.818181818181818
"1000_0.66_(-1000, 1000)",52,extremely sparse JL transform,"1000_0.66_(-1000, 1000)","(1000, 20000)","(1110, 3371)","{'ep': 0.05, 'de': 0.05}",0.256641982,1.0,0.695189418,11.818181818181818
"1000_0.66_(-1000, 1000)",78,extremely sparse JL transform,"1000_0.66_(-1000, 1000)","(10000, 1000)","(10110, 2961)","{'ep': 0.05, 'de': 0.05}",0.39098694,1.0,1.777463315,11.818181818181818
"1000_0.66_(-1000, 1000)",119,sparse JL transform,"1000_0.66_(-1000, 1000)","(10000, 10000)","(10110, 68)","{'ep': 0.9, 'de': 0.1}",0.458713353,1.0,0.311901516,11.818181818181818
"1000_0.66_(-1000, 1000)",150,JL transform,"1000_0.66_(-1000, 1000)","(10000, 20000)","(10110, 287)","{'ep': 0.5, 'de': 0.05}",1.70197271,1.0,0.308175583,6.818181818181818
"1000_0.66_(-1000, 1000)",162,extremely sparse JL transform,"1000_0.66_(-1000, 1000)","(20000, 1000)","(20110, 175)","{'ep': 0.9, 'de': 0.05}",0.248497949,1.0,0.268130014,11.818181818181818
"1000_0.66_(-1000, 1000)",196,sparse JL transform,"1000_0.66_(-1000, 1000)","(20000, 10000)","(20110, 88)","{'ep': 0.9, 'de': 0.05}",1.357612098,1.0,0.313150894,6.818181818181818
"1000_0.66_(-1000, 1000)",231,JL transform,"1000_0.66_(-1000, 1000)","(20000, 20000)","(20110, 68)","{'ep': 0.9, 'de': 0.1}",1.797911956,0.99,0.234859669,6.1662414205145755
"1000_0.66_(-500, 500)",24,PCA,"1000_0.66_(-500, 500)","(1000, 1000)","(1110, 11)","{'n_components': 11, 'svd_solver': 'auto'}",0.258339668,1.0,0.195494146,11.818181818181818
"1000_0.66_(-500, 500)",27,extremely sparse JL transform,"1000_0.66_(-500, 500)","(1000, 10000)","(1110, 3007)","{'ep': 0.05, 'de': 0.1}",0.120415643,1.0,0.983221748,11.818181818181818
"1000_0.66_(-500, 500)",52,extremely sparse JL transform,"1000_0.66_(-500, 500)","(1000, 20000)","(1110, 3371)","{'ep': 0.05, 'de': 0.05}",0.263296006,1.0,0.868128519,11.818181818181818
"1000_0.66_(-500, 500)",78,extremely sparse JL transform,"1000_0.66_(-500, 500)","(10000, 1000)","(10110, 2961)","{'ep': 0.05, 'de': 0.05}",0.378419765,1.0,2.094235963,11.818181818181818
"1000_0.66_(-500, 500)",117,sparse JL transform,"1000_0.66_(-500, 500)","(10000, 10000)","(10110, 221)","{'ep': 0.5, 'de': 0.1}",0.748390804,0.98,0.290809415,9.656314990489188
"1000_0.66_(-500, 500)",142,sparse JL transform,"1000_0.66_(-500, 500)","(10000, 20000)","(10110, 287)","{'ep': 0.5, 'de': 0.05}",1.635757609,0.99,0.394689356,6.1662414205145755
"1000_0.66_(-500, 500)",156,extremely sparse JL transform,"1000_0.66_(-500, 500)","(20000, 1000)","(20110, 3151)","{'ep': 0.05, 'de': 0.05}",0.803403419,1.0,3.138048737,11.818181818181818
"1000_0.66_(-500, 500)",195,sparse JL transform,"1000_0.66_(-500, 500)","(20000, 10000)","(20110, 221)","{'ep': 0.5, 'de': 0.1}",1.907252808,0.99,0.422511718,6.1662414205145755
"1000_0.66_(-500, 500)",228,JL transform,"1000_0.66_(-500, 500)","(20000, 20000)","(20110, 287)","{'ep': 0.5, 'de': 0.05}",3.630490711,1.0,0.424879235,4.318181818181818
"1000_0.99_(-100, 100)",5,extremely sparse JL transform,"1000_0.99_(-100, 100)","(1000, 1000)","(1110, 225)","{'ep': 0.5, 'de': 0.1}",0.008421049,0.81,0.292384286,1.436815008797638
"1000_0.99_(-100, 100)",42,JL transform,"1000_0.99_(-100, 100)","(1000, 10000)","(1110, 1000)","{'ep': 0.05, 'de': 0.05}",0.711697821,0.99,0.278243023,10.688151795558598
"1000_0.99_(-100, 100)",60,sparse JL transform,"1000_0.99_(-100, 100)","(1000, 20000)","(1110, 2000)","{'ep': 0.05, 'de': 0.05}",2.703594637,0.99,0.587191863,4.658937962166568
"1000_0.99_(-100, 100)",80,extremely sparse JL transform,"1000_0.99_(-100, 100)","(10000, 1000)","(10110, 1480)","{'ep': 0.1, 'de': 0.05}",0.25756083,0.79,0.818776667,1.1189780824922644
"1000_0.99_(-100, 100)",105,extremely sparse JL transform,"1000_0.99_(-100, 100)","(10000, 10000)","(10110, 3821)","{'ep': 0.05, 'de': 0.1}",1.45705106,0.83,1.724437789,1.0579118991276713
"1000_0.99_(-100, 100)",146,JL transform,"1000_0.99_(-100, 100)","(10000, 20000)","(10110, 2000)","{'ep': 0.05, 'de': 0.05}",9.155963518,0.98,1.037922792,2.302659728501268
"1000_0.99_(-100, 100)",159,extremely sparse JL transform,"1000_0.99_(-100, 100)","(20000, 1000)","(20110, 1528)","{'ep': 0.1, 'de': 0.1}",0.485513863,0.79,1.218322536,1.1189780824922644
"1000_0.99_(-100, 100)",192,sparse JL transform,"1000_0.99_(-100, 100)","(20000, 10000)","(20110, 7189)","{'ep': 0.1, 'de': 0.05}",25.223884701,0.98,4.622197903,1.799845693493547
"1000_0.99_(-100, 100)",219,sparse JL transform,"1000_0.99_(-100, 100)","(20000, 20000)","(20110, 5526)","{'ep': 0.1, 'de': 0.1}",35.854238551,1.0,2.843670218,2.095959595959596
"1000_0.99_(-1000, 1000)",24,PCA,"1000_0.99_(-1000, 1000)","(1000, 1000)","(1110, 11)","{'n_components': 11, 'svd_solver': 'auto'}",0.297229041,0.88,0.180053073,3.2913751710202073
"1000_0.99_(-1000, 1000)",39,sparse JL transform,"1000_0.99_(-1000, 1000)","(1000, 10000)","(1110, 221)","{'ep': 0.5, 'de': 0.1}",0.164256362,1.0,0.270151891,11.818181818181818
"1000_0.99_(-1000, 1000)",65,sparse JL transform,"1000_0.99_(-1000, 1000)","(1000, 20000)","(1110, 221)","{'ep': 0.5, 'de': 0.1}",0.36902103,1.0,0.209309099,11.818181818181818
"1000_0.99_(-1000, 1000)",98,JL transform,"1000_0.99_(-1000, 1000)","(10000, 1000)","(10110, 287)","{'ep': 0.5, 'de': 0.05}",0.119507978,0.76,0.330816543,0.7597777829129022
"1000_0.99_(-1000, 1000)",116,sparse JL transform,"1000_0.99_(-1000, 1000)","(10000, 10000)","(10110, 287)","{'ep': 0.5, 'de': 0.05}",0.911752835,1.0,0.393513078,11.818181818181818
"1000_0.99_(-1000, 1000)",153,JL transform,"1000_0.99_(-1000, 1000)","(10000, 20000)","(10110, 68)","{'ep': 0.9, 'de': 0.1}",1.336354174,1.0,0.362106744,6.818181818181818
"1000_0.99_(-1000, 1000)",174,JL transform,"1000_0.99_(-1000, 1000)","(20000, 1000)","(20110, 100)","{'ep': 0.1, 'de': 0.05}",0.115039848,0.8,0.309175074,1.2689676101818188
"1000_0.99_(-1000, 1000)",205,JL transform,"1000_0.99_(-1000, 1000)","(20000, 10000)","(20110, 68)","{'ep': 0.9, 'de': 0.1}",0.863934821,0.98,0.264273038,9.656314990489188
"1000_0.99_(-1000, 1000)",231,JL transform,"1000_0.99_(-1000, 1000)","(20000, 20000)","(20110, 68)","{'ep': 0.9, 'de': 0.1}",1.793686074,1.0,0.268239797,6.818181818181818
"1000_0.99_(-500, 500)",6,extremely sparse JL transform,"1000_0.99_(-500, 500)","(1000, 1000)","(1110, 130)","{'ep': 0.9, 'de': 0.05}",0.008380374,0.75,0.236884895,0.6655233556574042
"1000_0.99_(-500, 500)",50,PCA,"1000_0.99_(-500, 500)","(1000, 10000)","(1110, 11)","{'n_components': 11, 'svd_solver': 'auto'}",2.33754023,0.98,0.225296026,4.20916294457221
"1000_0.99_(-500, 500)",64,sparse JL transform,"1000_0.99_(-500, 500)","(1000, 20000)","(1110, 287)","{'ep': 0.5, 'de': 0.05}",0.523364286,0.93,0.275647069,5.719790903028013
"1000_0.99_(-500, 500)",82,extremely sparse JL transform,"1000_0.99_(-500, 500)","(10000, 1000)","(10110, 296)","{'ep': 0.5, 'de': 0.05}",0.143822581,0.79,0.341839159,1.1189780824922644
"1000_0.99_(-500, 500)",112,sparse JL transform,"1000_0.99_(-500, 500)","(10000, 10000)","(10110, 1000)","{'ep': 0.05, 'de': 0.05}",2.595598401,0.94,0.581745276,2.774683921094936
"1000_0.99_(-500, 500)",147,JL transform,"1000_0.99_(-500, 500)","(10000, 20000)","(10110, 2000)","{'ep': 0.05, 'de': 0.1}",9.501223875,0.98,1.260569231,2.302659728501268
"1000_0.99_(-500, 500)",163,extremely sparse JL transform,"1000_0.99_(-500, 500)","(20000, 1000)","(20110, 169)","{'ep': 0.9, 'de': 0.1}",0.244613304,0.79,0.255901244,1.1189780824922644
"1000_0.99_(-500, 500)",202,JL transform,"1000_0.99_(-500, 500)","(20000, 10000)","(20110, 287)","{'ep': 0.5, 'de': 0.05}",1.995635952,0.95,0.405269202,4.0822973129889455
"1000_0.99_(-500, 500)",255,JL transform,"1000_0.99_(-500, 500)","(20000, 20000)","(20110, 221)","{'ep': 0.5, 'de': 0.1}",3.531241714,0.97,0.546871505,3.1843314570462806
"1000_0_(-100, 100)",1,extremely sparse JL transform,"1000_0_(-100, 100)","(1000, 1000)","(1110, 2255)","{'ep': 0.05, 'de': 0.1}",0.034706984,0.49,0.547709846,0.009429995107899597
"1000_0_(-100, 100)",36,sparse JL transform,"1000_0_(-100, 100)","(1000, 10000)","(1110, 7189)","{'ep': 0.1, 'de': 0.05}",5.170814256,1.0,1.452166411,3.484848484848485
"1000_0_(-100, 100)",71,JL transform,"1000_0_(-100, 100)","(1000, 20000)","(1110, 5526)","{'ep': 0.1, 'de': 0.1}",7.328541144,1.0,1.692134472,3.0681818181818183
"1000_0_(-100, 100)",78,extremely sparse JL transform,"1000_0_(-100, 100)","(10000, 1000)","(10110, 2961)","{'ep': 0.05, 'de': 0.05}",0.371107808,0.32,2.125443069,0.00013306089808140105
"1000_0_(-100, 100)",123,JL transform,"1000_0_(-100, 100)","(10000, 10000)","(10110, 5526)","{'ep': 0.1, 'de': 0.1}",11.735204578,0.99,2.255971018,2.3979827746445572
"1000_0_(-100, 100)",154,PCA,"1000_0_(-100, 100)","(10000, 20000)","(10110, 101)","{'n_components': 101, 'svd_solver': 'auto'}",26.554418023,1.0,0.275536785,2.1885521885521886
"1000_0_(-100, 100)",180,PCA,"1000_0_(-100, 100)","(20000, 1000)","(20110, 201)","{'n_components': 201, 'svd_solver': 'auto'}",4.138574101,0.26,0.38609106,5.39001637949254e-06
"1000_0_(-100, 100)",206,PCA,"1000_0_(-100, 100)","(20000, 10000)","(20110, 201)","{'n_components': 201, 'svd_solver': 'auto'}",32.497523983,1.0,0.466017715,2.121212121212121
"1000_0_(-100, 100)",226,JL transform,"1000_0_(-100, 100)","(20000, 20000)","(20110, 7189)","{'ep': 0.1, 'de': 0.05}",49.764116442,1.0,4.579944159,2.018181818181818
"1000_0_(-1000, 1000)",0,extremely sparse JL transform,"1000_0_(-1000, 1000)","(1000, 1000)","(1110, 2351)","{'ep': 0.05, 'de': 0.05}",0.04094724,1.0,0.639576492,11.818181818181818
"1000_0_(-1000, 1000)",26,extremely sparse JL transform,"1000_0_(-1000, 1000)","(1000, 10000)","(1110, 3135)","{'ep': 0.05, 'de': 0.05}",0.110841285,1.0,1.005544889,11.818181818181818
"1000_0_(-1000, 1000)",52,extremely sparse JL transform,"1000_0_(-1000, 1000)","(1000, 20000)","(1110, 3371)","{'ep': 0.05, 'de': 0.05}",0.249867555,1.0,0.732613806,11.818181818181818
"1000_0_(-1000, 1000)",78,extremely sparse JL transform,"1000_0_(-1000, 1000)","(10000, 1000)","(10110, 2961)","{'ep': 0.05, 'de': 0.05}",0.404436057,1.0,1.746135496,11.818181818181818
"1000_0_(-1000, 1000)",126,JL transform,"1000_0_(-1000, 1000)","(10000, 10000)","(10110, 88)","{'ep': 0.9, 'de': 0.05}",0.562680415,1.0,0.32395227,11.818181818181818
"1000_0_(-1000, 1000)",144,sparse JL transform,"1000_0_(-1000, 1000)","(10000, 20000)","(10110, 88)","{'ep': 0.9, 'de': 0.05}",0.979430818,1.0,0.224792764,11.818181818181818
"1000_0_(-1000, 1000)",156,extremely sparse JL transform,"1000_0_(-1000, 1000)","(20000, 1000)","(20110, 3151)","{'ep': 0.05, 'de': 0.05}",0.804991067,1.0,2.589389288,11.818181818181818
"1000_0_(-1000, 1000)",195,sparse JL transform,"1000_0_(-1000, 1000)","(20000, 10000)","(20110, 221)","{'ep': 0.5, 'de': 0.1}",1.5657277,1.0,0.353197388,6.818181818181818
"1000_0_(-1000, 1000)",231,JL transform,"1000_0_(-1000, 1000)","(20000, 20000)","(20110, 68)","{'ep': 0.9, 'de': 0.1}",2.112703717,1.0,0.203152107,5.151515151515151
"1000_0_(-500, 500)",0,extremely sparse JL transform,"1000_0_(-500, 500)","(1000, 1000)","(1110, 2351)","{'ep': 0.05, 'de': 0.05}",0.031957114,1.0,0.753881516,11.818181818181818
"1000_0_(-500, 500)",26,extremely sparse JL transform,"1000_0_(-500, 500)","(1000, 10000)","(1110, 3135)","{'ep': 0.05, 'de': 0.05}",0.145210693,1.0,0.747324703,11.818181818181818
"1000_0_(-500, 500)",53,extremely sparse JL transform,"1000_0_(-500, 500)","(1000, 20000)","(1110, 3233)","{'ep': 0.05, 'de': 0.1}",0.243390555,1.0,0.933292537,11.818181818181818
"1000_0_(-500, 500)",79,extremely sparse JL transform,"1000_0_(-500, 500)","(10000, 1000)","(10110, 2866)","{'ep': 0.05, 'de': 0.1}",0.397084463,1.0,1.93329843,11.818181818181818
"1000_0_(-500, 500)",117,sparse JL transform,"1000_0_(-500, 500)","(10000, 10000)","(10110, 221)","{'ep': 0.5, 'de': 0.1}",0.913587323,0.98,0.376675492,9.656314990489188
"1000_0_(-500, 500)",150,JL transform,"1000_0_(-500, 500)","(10000, 20000)","(10110, 287)","{'ep': 0.5, 'de': 0.05}",1.909156516,1.0,0.424883529,6.818181818181818
"1000_0_(-500, 500)",157,extremely sparse JL transform,"1000_0_(-500, 500)","(20000, 1000)","(20110, 3056)","{'ep': 0.05, 'de': 0.1}",0.787105624,1.0,2.86091151,11.818181818181818
"1000_0_(-500, 500)",203,JL transform,"1000_0_(-500, 500)","(20000, 10000)","(20110, 221)","{'ep': 0.5, 'de': 0.1}",1.605563566,0.98,0.375391563,5.570950956051455
"1000_0_(-500, 500)",246,sparse JL transform,"1000_0_(-500, 500)","(20000, 20000)","(20110, 287)","{'ep': 0.5, 'de': 0.05}",3.631136761,1.0,0.445093008,4.318181818181818
"100_0.33_(-100, 100)",0,extremely sparse JL transform,"100_0.33_(-100, 100)","(1000, 1000)","(1110, 2351)","{'ep': 0.05, 'de': 0.05}",0.019330874,1.0,0.488382619,11.818181818181818
"100_0.33_(-100, 100)",26,extremely sparse JL transform,"100_0.33_(-100, 100)","(1000, 10000)","(1110, 3135)","{'ep': 0.05, 'de': 0.05}",0.123518432,1.0,0.707908415,11.818181818181818
"100_0.33_(-100, 100)",52,extremely sparse JL transform,"100_0.33_(-100, 100)","(1000, 20000)","(1110, 3371)","{'ep': 0.05, 'de': 0.05}",0.238436963,1.0,0.613598804,11.818181818181818
"100_0.33_(-100, 100)",79,extremely sparse JL transform,"100_0.33_(-100, 100)","(10000, 1000)","(10110, 2866)","{'ep': 0.05, 'de': 0.1}",0.344278405,1.0,1.793386929,11.818181818181818
"100_0.33_(-100, 100)",117,sparse JL transform,"100_0.33_(-100, 100)","(10000, 10000)","(10110, 221)","{'ep': 0.5, 'de': 0.1}",0.819436772,1.0,0.278381387,11.818181818181818
"100_0.33_(-100, 100)",145,sparse JL transform,"100_0.33_(-100, 100)","(10000, 20000)","(10110, 68)","{'ep': 0.9, 'de': 0.1}",0.94045146,0.97,0.253476231,8.715012408758241
"100_0.33_(-100, 100)",157,extremely sparse JL transform,"100_0.33_(-100, 100)","(20000, 1000)","(20110, 3056)","{'ep': 0.05, 'de': 0.1}",0.732778443,1.0,2.432947695,11.818181818181818
"100_0.33_(-100, 100)",197,sparse JL transform,"100_0.33_(-100, 100)","(20000, 10000)","(20110, 68)","{'ep': 0.9, 'de': 0.1}",0.930508398,0.99,0.250571253,10.688151795558598
"100_0.33_(-100, 100)",223,sparse JL transform,"100_0.33_(-100, 100)","(20000, 20000)","(20110, 68)","{'ep': 0.9, 'de': 0.1}",1.820849397,1.0,0.307548456,6.818181818181818
"100_0.33_(-1000, 1000)",0,extremely sparse JL transform,"100_0.33_(-1000, 1000)","(1000, 1000)","(1110, 2351)","{'ep': 0.05, 'de': 0.05}",0.016533465,1.0,0.537157073,11.818181818181818
"100_0.33_(-1000, 1000)",26,extremely sparse JL transform,"100_0.33_(-1000, 1000)","(1000, 10000)","(1110, 3135)","{'ep': 0.05, 'de': 0.05}",0.128038959,1.0,0.8540813,11.818181818181818
"100_0.33_(-1000, 1000)",52,extremely sparse JL transform,"100_0.33_(-1000, 1000)","(1000, 20000)","(1110, 3371)","{'ep': 0.05, 'de': 0.05}",0.263156371,1.0,0.980218966,11.818181818181818
"100_0.33_(-1000, 1000)",78,extremely sparse JL transform,"100_0.33_(-1000, 1000)","(10000, 1000)","(10110, 2961)","{'ep': 0.05, 'de': 0.05}",0.37257024,1.0,1.54631085,11.818181818181818
"100_0.33_(-1000, 1000)",117,sparse JL transform,"100_0.33_(-1000, 1000)","(10000, 10000)","(10110, 221)","{'ep': 0.5, 'de': 0.1}",0.883491489,1.0,0.329000526,11.818181818181818
"100_0.33_(-1000, 1000)",145,sparse JL transform,"100_0.33_(-1000, 1000)","(10000, 20000)","(10110, 68)","{'ep': 0.9, 'de': 0.1}",0.886840366,1.0,0.202620878,11.818181818181818
"100_0.33_(-1000, 1000)",156,extremely sparse JL transform,"100_0.33_(-1000, 1000)","(20000, 1000)","(20110, 3151)","{'ep': 0.05, 'de': 0.05}",0.705113741,1.0,2.876511996,11.818181818181818
"100_0.33_(-1000, 1000)",205,JL transform,"100_0.33_(-1000, 1000)","(20000, 10000)","(20110, 68)","{'ep': 0.9, 'de': 0.1}",0.917774291,1.0,0.216767446,11.818181818181818
"100_0.33_(-1000, 1000)",221,sparse JL transform,"100_0.33_(-1000, 1000)","(20000, 20000)","(20110, 221)","{'ep': 0.5, 'de': 0.1}",2.907769097,1.0,0.340693601,5.151515151515151
"100_0.33_(-500, 500)",0,extremely sparse JL transform,"100_0.33_(-500, 500)","(1000, 1000)","(1110, 2351)","{'ep': 0.05, 'de': 0.05}",0.016259284,1.0,0.523150435,11.818181818181818
"100_0.33_(-500, 500)",26,extremely sparse JL transform,"100_0.33_(-500, 500)","(1000, 10000)","(1110, 3135)","{'ep': 0.05, 'de': 0.05}",0.120910244,1.0,0.96729437,11.818181818181818
"100_0.33_(-500, 500)",52,extremely sparse JL transform,"100_0.33_(-500, 500)","(1000, 20000)","(1110, 3371)","{'ep': 0.05, 'de': 0.05}",0.246436745,1.0,0.774127104,11.818181818181818
"100_0.33_(-500, 500)",78,extremely sparse JL transform,"100_0.33_(-500, 500)","(10000, 1000)","(10110, 2961)","{'ep': 0.05, 'de': 0.05}",0.404613387,1.0,1.804644637,11.818181818181818
"100_0.33_(-500, 500)",116,sparse JL transform,"100_0.33_(-500, 500)","(10000, 10000)","(10110, 287)","{'ep': 0.5, 'de': 0.05}",0.856641605,1.0,0.28579304,11.818181818181818
"100_0.33_(-500, 500)",142,sparse JL transform,"100_0.33_(-500, 500)","(10000, 20000)","(10110, 287)","{'ep': 0.5, 'de': 0.05}",1.819322981,1.0,0.239158059,6.818181818181818
"100_0.33_(-500, 500)",156,extremely sparse JL transform,"100_0.33_(-500, 500)","(20000, 1000)","(20110, 3151)","{'ep': 0.05, 'de': 0.05}",0.702275909,1.0,3.055093301,11.818181818181818
"100_0.33_(-500, 500)",194,sparse JL transform,"100_0.33_(-500, 500)","(20000, 10000)","(20110, 287)","{'ep': 0.5, 'de': 0.05}",1.785401777,1.0,0.41266209,6.818181818181818
"100_0.33_(-500, 500)",223,sparse JL transform,"100_0.33_(-500, 500)","(20000, 20000)","(20110, 68)","{'ep': 0.9, 'de': 0.1}",1.954462768,1.0,0.282516611,6.818181818181818
"100_0.66_(-100, 100)",2,extremely sparse JL transform,"100_0.66_(-100, 100)","(1000, 1000)","(1110, 1175)","{'ep': 0.1, 'de': 0.05}",0.02012762,1.0,0.263956153,11.818181818181818
"100_0.66_(-100, 100)",27,extremely sparse JL transform,"100_0.66_(-100, 100)","(1000, 10000)","(1110, 3007)","{'ep': 0.05, 'de': 0.1}",0.1208166,1.0,0.953628703,11.818181818181818
"100_0.66_(-100, 100)",52,extremely sparse JL transform,"100_0.66_(-100, 100)","(1000, 20000)","(1110, 3371)","{'ep': 0.05, 'de': 0.05}",0.238042693,1.0,0.736517572,11.818181818181818
"100_0.66_(-100, 100)",78,extremely sparse JL transform,"100_0.66_(-100, 100)","(10000, 1000)","(10110, 2961)","{'ep': 0.05, 'de': 0.05}",0.355665804,1.0,1.467529244,11.818181818181818
"100_0.66_(-100, 100)",119,sparse JL transform,"100_0.66_(-100, 100)","(10000, 10000)","(10110, 68)","{'ep': 0.9, 'de': 0.1}",0.559840029,1.0,0.270109348,11.818181818181818
"100_0.66_(-100, 100)",152,JL transform,"100_0.66_(-100, 100)","(10000, 20000)","(10110, 88)","{'ep': 0.9, 'de': 0.05}",0.988998215,1.0,0.191397253,11.818181818181818
"100_0.66_(-100, 100)",156,extremely sparse JL transform,"100_0.66_(-100, 100)","(20000, 1000)","(20110, 3151)","{'ep': 0.05, 'de': 0.05}",0.699179673,1.0,2.136875875,11.818181818181818
"100_0.66_(-100, 100)",205,JL transform,"100_0.66_(-100, 100)","(20000, 10000)","(20110, 68)","{'ep': 0.9, 'de': 0.1}",0.957134795,1.0,0.207676402,11.818181818181818
"100_0.66_(-100, 100)",222,sparse JL transform,"100_0.66_(-100, 100)","(20000, 20000)","(20110, 88)","{'ep': 0.9, 'de': 0.05}",2.36355884,1.0,0.24371942,5.151515151515151
"100_0.66_(-1000, 1000)",0,extremely sparse JL transform,"100_0.66_(-1000, 1000)","(1000, 1000)","(1110, 2351)","{'ep': 0.05, 'de': 0.05}",0.016505032,1.0,0.697640726,11.818181818181818
"100_0.66_(-1000, 1000)",26,extremely sparse JL transform,"100_0.66_(-1000, 1000)","(1000, 10000)","(1110, 3135)","{'ep': 0.05, 'de': 0.05}",0.148529914,1.0,0.696077465,11.818181818181818
"100_0.66_(-1000, 1000)",52,extremely sparse JL transform,"100_0.66_(-1000, 1000)","(1000, 20000)","(1110, 3371)","{'ep': 0.05, 'de': 0.05}",0.264252329,1.0,0.674165617,11.818181818181818
"100_0.66_(-1000, 1000)",78,extremely sparse JL transform,"100_0.66_(-1000, 1000)","(10000, 1000)","(10110, 2961)","{'ep': 0.05, 'de': 0.05}",0.34384636,1.0,1.835178259,11.818181818181818
"100_0.66_(-1000, 1000)",117,sparse JL transform,"100_0.66_(-1000, 1000)","(10000, 10000)","(10110, 221)","{'ep': 0.5, 'de': 0.1}",0.811997945,1.0,0.297757054,11.818181818181818
"100_0.66_(-1000, 1000)",142,sparse JL transform,"100_0.66_(-1000, 1000)","(10000, 20000)","(10110, 287)","{'ep': 0.5, 'de': 0.05}",1.737235055,1.0,0.272199922,6.818181818181818
"100_0.66_(-1000, 1000)",156,extremely sparse JL transform,"100_0.66_(-1000, 1000)","(20000, 1000)","(20110, 3151)","{'ep': 0.05, 'de': 0.05}",0.679004605,1.0,2.527064571,11.818181818181818
"100_0.66_(-1000, 1000)",197,sparse JL transform,"100_0.66_(-1000, 1000)","(20000, 10000)","(20110, 68)","{'ep': 0.9, 'de': 0.1}",0.956608373,1.0,0.2112529,11.818181818181818
"100_0.66_(-1000, 1000)",223,sparse JL transform,"100_0.66_(-1000, 1000)","(20000, 20000)","(20110, 68)","{'ep': 0.9, 'de': 0.1}",1.751515163,1.0,0.257017592,6.818181818181818
"100_0.66_(-500, 500)",0,extremely sparse JL transform,"100_0.66_(-500, 500)","(1000, 1000)","(1110, 2351)","{'ep': 0.05, 'de': 0.05}",0.028387996,1.0,0.731229513,11.818181818181818
"100_0.66_(-500, 500)",26,extremely sparse JL transform,"100_0.66_(-500, 500)","(1000, 10000)","(1110, 3135)","{'ep': 0.05, 'de': 0.05}",0.120704578,1.0,0.834298076,11.818181818181818
"100_0.66_(-500, 500)",52,extremely sparse JL transform,"100_0.66_(-500, 500)","(1000, 20000)","(1110, 3371)","{'ep': 0.05, 'de': 0.05}",0.244913915,1.0,0.638798021,11.818181818181818
"100_0.66_(-500, 500)",78,extremely sparse JL transform,"100_0.66_(-500, 500)","(10000, 1000)","(10110, 2961)","{'ep': 0.05, 'de': 0.05}",0.350874531,1.0,1.652549196,11.818181818181818
"100_0.66_(-500, 500)",117,sparse JL transform,"100_0.66_(-500, 500)","(10000, 10000)","(10110, 221)","{'ep': 0.5, 'de': 0.1}",0.973263797,1.0,0.258679871,11.818181818181818
"100_0.66_(-500, 500)",145,sparse JL transform,"100_0.66_(-500, 500)","(10000, 20000)","(10110, 68)","{'ep': 0.9, 'de': 0.1}",0.93630416,1.0,0.218311368,11.818181818181818
"100_0.66_(-500, 500)",156,extremely sparse JL transform,"100_0.66_(-500, 500)","(20000, 1000)","(20110, 3151)","{'ep': 0.05, 'de': 0.05}",0.679430034,1.0,2.328644242,11.818181818181818
"100_0.66_(-500, 500)",197,sparse JL transform,"100_0.66_(-500, 500)","(20000, 10000)","(20110, 68)","{'ep': 0.9, 'de': 0.1}",0.851017943,1.0,0.216564192,11.818181818181818
"100_0.66_(-500, 500)",222,sparse JL transform,"100_0.66_(-500, 500)","(20000, 20000)","(20110, 88)","{'ep': 0.9, 'de': 0.05}",2.440414671,1.0,0.336425756,5.151515151515151
"100_0.99_(-100, 100)",1,extremely sparse JL transform,"100_0.99_(-100, 100)","(1000, 1000)","(1110, 2255)","{'ep': 0.05, 'de': 0.1}",0.029885293,0.84,0.523826175,2.067014521779774
"100_0.99_(-100, 100)",34,sparse JL transform,"100_0.99_(-100, 100)","(1000, 10000)","(1110, 1000)","{'ep': 0.05, 'de': 0.05}",0.586612736,1.0,0.380682686,11.818181818181818
"100_0.99_(-100, 100)",72,JL transform,"100_0.99_(-100, 100)","(1000, 20000)","(1110, 287)","{'ep': 0.5, 'de': 0.05}",0.377725499,1.0,0.243965656,11.818181818181818
"100_0.99_(-100, 100)",98,JL transform,"100_0.99_(-100, 100)","(10000, 1000)","(10110, 287)","{'ep': 0.5, 'de': 0.05}",0.089774531,0.82,0.320257211,1.6243858248795333
"100_0.99_(-100, 100)",116,sparse JL transform,"100_0.99_(-100, 100)","(10000, 10000)","(10110, 287)","{'ep': 0.5, 'de': 0.05}",0.679122992,1.0,0.244388295,11.818181818181818
"100_0.99_(-100, 100)",153,JL transform,"100_0.99_(-100, 100)","(10000, 20000)","(10110, 68)","{'ep': 0.9, 'de': 0.1}",0.965529199,0.95,0.568951457,7.075982009180839
"100_0.99_(-100, 100)",166,sparse JL transform,"100_0.99_(-100, 100)","(20000, 1000)","(20110, 100)","{'ep': 0.1, 'de': 0.05}",0.115214529,0.83,0.271191495,1.8337139584879636
"100_0.99_(-100, 100)",196,sparse JL transform,"100_0.99_(-100, 100)","(20000, 10000)","(20110, 88)","{'ep': 0.9, 'de': 0.05}",1.285774467,0.99,0.249135441,6.1662414205145755
"100_0.99_(-100, 100)",223,sparse JL transform,"100_0.99_(-100, 100)","(20000, 20000)","(20110, 68)","{'ep': 0.9, 'de': 0.1}",1.788762434,1.0,0.337797992,6.818181818181818
"100_0.99_(-1000, 1000)",0,extremely sparse JL transform,"100_0.99_(-1000, 1000)","(1000, 1000)","(1110, 2351)","{'ep': 0.05, 'de': 0.05}",0.02616462,1.0,0.704188003,11.818181818181818
"100_0.99_(-1000, 1000)",26,extremely sparse JL transform,"100_0.99_(-1000, 1000)","(1000, 10000)","(1110, 3135)","{'ep': 0.05, 'de': 0.05}",0.122666052,1.0,0.571766918,11.818181818181818
"100_0.99_(-1000, 1000)",52,extremely sparse JL transform,"100_0.99_(-1000, 1000)","(1000, 20000)","(1110, 3371)","{'ep': 0.05, 'de': 0.05}",0.232051589,1.0,0.573988595,11.818181818181818
"100_0.99_(-1000, 1000)",78,extremely sparse JL transform,"100_0.99_(-1000, 1000)","(10000, 1000)","(10110, 2961)","{'ep': 0.05, 'de': 0.05}",0.343877598,1.0,1.280497273,11.818181818181818
"100_0.99_(-1000, 1000)",116,sparse JL transform,"100_0.99_(-1000, 1000)","(10000, 10000)","(10110, 287)","{'ep': 0.5, 'de': 0.05}",0.846167393,1.0,0.243964663,11.818181818181818
"100_0.99_(-1000, 1000)",142,sparse JL transform,"100_0.99_(-1000, 1000)","(10000, 20000)","(10110, 287)","{'ep': 0.5, 'de': 0.05}",1.788357065,1.0,0.314215143,6.818181818181818
"100_0.99_(-1000, 1000)",156,extremely sparse JL transform,"100_0.99_(-1000, 1000)","(20000, 1000)","(20110, 3151)","{'ep': 0.05, 'de': 0.05}",0.737547944,1.0,2.509502881,11.818181818181818
"100_0.99_(-1000, 1000)",194,sparse JL transform,"100_0.99_(-1000, 1000)","(20000, 10000)","(20110, 287)","{'ep': 0.5, 'de': 0.05}",1.917819689,1.0,0.375473667,6.818181818181818
"100_0.99_(-1000, 1000)",231,JL transform,"100_0.99_(-1000, 1000)","(20000, 20000)","(20110, 68)","{'ep': 0.9, 'de': 0.1}",1.909628689,1.0,0.251623307,6.818181818181818
"100_0.99_(-500, 500)",0,extremely sparse JL transform,"100_0.99_(-500, 500)","(1000, 1000)","(1110, 2351)","{'ep': 0.05, 'de': 0.05}",0.015557357,1.0,0.533680958,11.818181818181818
"100_0.99_(-500, 500)",26,extremely sparse JL transform,"100_0.99_(-500, 500)","(1000, 10000)","(1110, 3135)","{'ep': 0.05, 'de': 0.05}",0.122463449,1.0,0.631006593,11.818181818181818
"100_0.99_(-500, 500)",52,extremely sparse JL transform,"100_0.99_(-500, 500)","(1000, 20000)","(1110, 3371)","{'ep': 0.05, 'de': 0.05}",0.245751774,1.0,0.628066572,11.818181818181818
"100_0.99_(-500, 500)",78,extremely sparse JL transform,"100_0.99_(-500, 500)","(10000, 1000)","(10110, 2961)","{'ep': 0.05, 'de': 0.05}",0.322819454,1.0,1.386428827,11.818181818181818
"100_0.99_(-500, 500)",117,sparse JL transform,"100_0.99_(-500, 500)","(10000, 10000)","(10110, 221)","{'ep': 0.5, 'de': 0.1}",0.805816057,1.0,0.246430604,11.818181818181818
"100_0.99_(-500, 500)",145,sparse JL transform,"100_0.99_(-500, 500)","(10000, 20000)","(10110, 68)","{'ep': 0.9, 'de': 0.1}",0.921402414,1.0,0.2299616,11.818181818181818
"100_0.99_(-500, 500)",156,extremely sparse JL transform,"100_0.99_(-500, 500)","(20000, 1000)","(20110, 3151)","{'ep': 0.05, 'de': 0.05}",0.819939927,1.0,2.412117421,11.818181818181818
"100_0.99_(-500, 500)",205,JL transform,"100_0.99_(-500, 500)","(20000, 10000)","(20110, 68)","{'ep': 0.9, 'de': 0.1}",0.99233763,1.0,0.255071037,11.818181818181818
"100_0.99_(-500, 500)",223,sparse JL transform,"100_0.99_(-500, 500)","(20000, 20000)","(20110, 68)","{'ep': 0.9, 'de': 0.1}",1.77541848,1.0,0.184749801,6.818181818181818
"100_0_(-100, 100)",0,extremely sparse JL transform,"100_0_(-100, 100)","(1000, 1000)","(1110, 2351)","{'ep': 0.05, 'de': 0.05}",0.033186021,1.0,0.605362342,11.818181818181818
"100_0_(-100, 100)",26,extremely sparse JL transform,"100_0_(-100, 100)","(1000, 10000)","(1110, 3135)","{'ep': 0.05, 'de': 0.05}",0.121431425,1.0,0.799207322,11.818181818181818
"100_0_(-100, 100)",52,extremely sparse JL transform,"100_0_(-100, 100)","(1000, 20000)","(1110, 3371)","{'ep': 0.05, 'de': 0.05}",0.243819383,1.0,0.587078959,11.818181818181818
"100_0_(-100, 100)",78,extremely sparse JL transform,"100_0_(-100, 100)","(10000, 1000)","(10110, 2961)","{'ep': 0.05, 'de': 0.05}",0.336957248,1.0,1.878726384,11.818181818181818
"100_0_(-100, 100)",116,sparse JL transform,"100_0_(-100, 100)","(10000, 10000)","(10110, 287)","{'ep': 0.5, 'de': 0.05}",0.972845063,1.0,0.314810916,11.818181818181818
"100_0_(-100, 100)",142,sparse JL transform,"100_0_(-100, 100)","(10000, 20000)","(10110, 287)","{'ep': 0.5, 'de': 0.05}",1.857748918,1.0,0.305018921,6.818181818181818
"100_0_(-100, 100)",158,extremely sparse JL transform,"100_0_(-100, 100)","(20000, 1000)","(20110, 1575)","{'ep': 0.1, 'de': 0.05}",0.581618195,1.0,1.891907543,11.818181818181818
"100_0_(-100, 100)",205,JL transform,"100_0_(-100, 100)","(20000, 10000)","(20110, 68)","{'ep': 0.9, 'de': 0.1}",0.926372869,1.0,0.268291259,11.818181818181818
"100_0_(-100, 100)",223,sparse JL transform,"100_0_(-100, 100)","(20000, 20000)","(20110, 68)","{'ep': 0.9, 'de': 0.1}",1.804128508,0.99,0.32156862,6.1662414205145755
"100_0_(-1000, 1000)",0,extremely sparse JL transform,"100_0_(-1000, 1000)","(1000, 1000)","(1110, 2351)","{'ep': 0.05, 'de': 0.05}",0.031078379,1.0,0.564121722,11.818181818181818
"100_0_(-1000, 1000)",26,extremely sparse JL transform,"100_0_(-1000, 1000)","(1000, 10000)","(1110, 3135)","{'ep': 0.05, 'de': 0.05}",0.118081261,1.0,0.709969388,11.818181818181818
"100_0_(-1000, 1000)",52,extremely sparse JL transform,"100_0_(-1000, 1000)","(1000, 20000)","(1110, 3371)","{'ep': 0.05, 'de': 0.05}",0.260708925,1.0,1.197164446,11.818181818181818
"100_0_(-1000, 1000)",78,extremely sparse JL transform,"100_0_(-1000, 1000)","(10000, 1000)","(10110, 2961)","{'ep': 0.05, 'de': 0.05}",0.352342882,1.0,1.690677689,11.818181818181818
"100_0_(-1000, 1000)",117,sparse JL transform,"100_0_(-1000, 1000)","(10000, 10000)","(10110, 221)","{'ep': 0.5, 'de': 0.1}",0.869909923,1.0,0.263289243,11.818181818181818
"100_0_(-1000, 1000)",145,sparse JL transform,"100_0_(-1000, 1000)","(10000, 20000)","(10110, 68)","{'ep': 0.9, 'de': 0.1}",0.924760818,1.0,0.214971092,11.818181818181818
"100_0_(-1000, 1000)",156,extremely sparse JL transform,"100_0_(-1000, 1000)","(20000, 1000)","(20110, 3151)","{'ep': 0.05, 'de': 0.05}",0.851661276,1.0,2.700810129,11.818181818181818
"100_0_(-1000, 1000)",194,sparse JL transform,"100_0_(-1000, 1000)","(20000, 10000)","(20110, 287)","{'ep': 0.5, 'de': 0.05}",1.750404682,1.0,0.292395513,6.818181818181818
"100_0_(-1000, 1000)",223,sparse JL transform,"100_0_(-1000, 1000)","(20000, 20000)","(20110, 68)","{'ep': 0.9, 'de': 0.1}",1.860371376,1.0,0.207583981,6.818181818181818
"100_0_(-500, 500)",0,extremely sparse JL transform,"100_0_(-500, 500)","(1000, 1000)","(1110, 2351)","{'ep': 0.05, 'de': 0.05}",0.031602164,1.0,0.571905704,11.818181818181818
"100_0_(-500, 500)",26,extremely sparse JL transform,"100_0_(-500, 500)","(1000, 10000)","(1110, 3135)","{'ep': 0.05, 'de': 0.05}",0.134811617,1.0,0.81104015,11.818181818181818
"100_0_(-500, 500)",52,extremely sparse JL transform,"100_0_(-500, 500)","(1000, 20000)","(1110, 3371)","{'ep': 0.05, 'de': 0.05}",0.249848002,1.0,0.66064908,11.818181818181818
"100_0_(-500, 500)",78,extremely sparse JL transform,"100_0_(-500, 500)","(10000, 1000)","(10110, 2961)","{'ep': 0.05, 'de': 0.05}",0.410714714,1.0,1.578994452,11.818181818181818
"100_0_(-500, 500)",116,sparse JL transform,"100_0_(-500, 500)","(10000, 10000)","(10110, 287)","{'ep': 0.5, 'de': 0.05}",0.880930694,1.0,0.295583248,11.818181818181818
"100_0_(-500, 500)",153,JL transform,"100_0_(-500, 500)","(10000, 20000)","(10110, 68)","{'ep': 0.9, 'de': 0.1}",0.904212528,1.0,0.233150589,11.818181818181818
"100_0_(-500, 500)",156,extremely sparse JL transform,"100_0_(-500, 500)","(20000, 1000)","(20110, 3151)","{'ep': 0.05, 'de': 0.05}",0.767014618,1.0,2.780577797,11.818181818181818
"100_0_(-500, 500)",197,sparse JL transform,"100_0_(-500, 500)","(20000, 10000)","(20110, 68)","{'ep': 0.9, 'de': 0.1}",0.908036304,1.0,0.241893041,11.818181818181818
"100_0_(-500, 500)",223,sparse JL transform,"100_0_(-500, 500)","(20000, 20000)","(20110, 68)","{'ep': 0.9, 'de': 0.1}",1.795996451,1.0,0.225910987,6.818181818181818
"500_0.33_(-100, 100)",0,extremely sparse JL transform,"500_0.33_(-100, 100)","(1000, 1000)","(1110, 2351)","{'ep': 0.05, 'de': 0.05}",0.014668225,0.62,0.652455688,0.09918992505716746
"500_0.33_(-100, 100)",50,PCA,"500_0.33_(-100, 100)","(1000, 10000)","(1110, 11)","{'n_components': 11, 'svd_solver': 'auto'}",1.507664049,1.0,0.223963108,6.818181818181818
"500_0.33_(-100, 100)",53,extremely sparse JL transform,"500_0.33_(-100, 100)","(1000, 20000)","(1110, 3233)","{'ep': 0.05, 'de': 0.1}",0.252115557,1.0,0.604425401,11.818181818181818
"500_0.33_(-100, 100)",102,PCA,"500_0.33_(-100, 100)","(10000, 1000)","(10110, 101)","{'n_components': 101, 'svd_solver': 'auto'}",2.122417207,0.75,0.283502726,0.29009992426091974
"500_0.33_(-100, 100)",104,extremely sparse JL transform,"500_0.33_(-100, 100)","(10000, 10000)","(10110, 3949)","{'ep': 0.05, 'de': 0.05}",1.359802751,0.97,2.107931813,5.027891774283601
"500_0.33_(-100, 100)",130,extremely sparse JL transform,"500_0.33_(-100, 100)","(10000, 20000)","(10110, 4246)","{'ep': 0.05, 'de': 0.05}",2.582468866,1.0,2.771995975,5.151515151515151
"500_0.33_(-100, 100)",180,PCA,"500_0.33_(-100, 100)","(20000, 1000)","(20110, 201)","{'n_components': 201, 'svd_solver': 'auto'}",4.187595493,0.82,0.420714364,0.5248015741918493
"500_0.33_(-100, 100)",182,extremely sparse JL transform,"500_0.33_(-100, 100)","(20000, 10000)","(20110, 4202)","{'ep': 0.05, 'de': 0.05}",2.999677563,0.99,3.876660008,4.658937962166568
"500_0.33_(-100, 100)",211,extremely sparse JL transform,"500_0.33_(-100, 100)","(20000, 20000)","(20110, 2190)","{'ep': 0.1, 'de': 0.1}",5.100441854,0.99,2.431660756,3.1516345038185607
"500_0.33_(-1000, 1000)",0,extremely sparse JL transform,"500_0.33_(-1000, 1000)","(1000, 1000)","(1110, 2351)","{'ep': 0.05, 'de': 0.05}",0.015150151,1.0,0.472148527,11.818181818181818
"500_0.33_(-1000, 1000)",26,extremely sparse JL transform,"500_0.33_(-1000, 1000)","(1000, 10000)","(1110, 3135)","{'ep': 0.05, 'de': 0.05}",0.121081256,1.0,0.925774699,11.818181818181818
"500_0.33_(-1000, 1000)",52,extremely sparse JL transform,"500_0.33_(-1000, 1000)","(1000, 20000)","(1110, 3371)","{'ep': 0.05, 'de': 0.05}",0.243380459,1.0,0.554093517,11.818181818181818
"500_0.33_(-1000, 1000)",82,extremely sparse JL transform,"500_0.33_(-1000, 1000)","(10000, 1000)","(10110, 296)","{'ep': 0.5, 'de': 0.05}",0.120124976,1.0,0.237078606,11.818181818181818
"500_0.33_(-1000, 1000)",117,sparse JL transform,"500_0.33_(-1000, 1000)","(10000, 10000)","(10110, 221)","{'ep': 0.5, 'de': 0.1}",0.783622695,1.0,0.220694044,11.818181818181818
"500_0.33_(-1000, 1000)",142,sparse JL transform,"500_0.33_(-1000, 1000)","(10000, 20000)","(10110, 287)","{'ep': 0.5, 'de': 0.05}",1.968203618,1.0,0.360772008,6.818181818181818
"500_0.33_(-1000, 1000)",156,extremely sparse JL transform,"500_0.33_(-1000, 1000)","(20000, 1000)","(20110, 3151)","{'ep': 0.05, 'de': 0.05}",0.733402696,1.0,2.652974755,11.818181818181818
"500_0.33_(-1000, 1000)",197,sparse JL transform,"500_0.33_(-1000, 1000)","(20000, 10000)","(20110, 68)","{'ep': 0.9, 'de': 0.1}",0.993221089,1.0,0.230778423,11.818181818181818
"500_0.33_(-1000, 1000)",231,JL transform,"500_0.33_(-1000, 1000)","(20000, 20000)","(20110, 68)","{'ep': 0.9, 'de': 0.1}",1.858350194,0.98,0.201544358,5.570950956051455
"500_0.33_(-500, 500)",0,extremely sparse JL transform,"500_0.33_(-500, 500)","(1000, 1000)","(1110, 2351)","{'ep': 0.05, 'de': 0.05}",0.016210143,1.0,0.587982146,11.818181818181818
"500_0.33_(-500, 500)",26,extremely sparse JL transform,"500_0.33_(-500, 500)","(1000, 10000)","(1110, 3135)","{'ep': 0.05, 'de': 0.05}",0.121613495,1.0,0.635485338,11.818181818181818
"500_0.33_(-500, 500)",52,extremely sparse JL transform,"500_0.33_(-500, 500)","(1000, 20000)","(1110, 3371)","{'ep': 0.05, 'de': 0.05}",0.247283289,1.0,0.647639556,11.818181818181818
"500_0.33_(-500, 500)",78,extremely sparse JL transform,"500_0.33_(-500, 500)","(10000, 1000)","(10110, 2961)","{'ep': 0.05, 'de': 0.05}",0.368751491,1.0,1.608725549,11.818181818181818
"500_0.33_(-500, 500)",116,sparse JL transform,"500_0.33_(-500, 500)","(10000, 10000)","(10110, 287)","{'ep': 0.5, 'de': 0.05}",0.870010313,1.0,0.259991716,11.818181818181818
"500_0.33_(-500, 500)",153,JL transform,"500_0.33_(-500, 500)","(10000, 20000)","(10110, 68)","{'ep': 0.9, 'de': 0.1}",0.963871634,1.0,0.288818757,11.818181818181818
"500_0.33_(-500, 500)",156,extremely sparse JL transform,"500_0.33_(-500, 500)","(20000, 1000)","(20110, 3151)","{'ep': 0.05, 'de': 0.05}",0.71006322,1.0,2.898290149,11.818181818181818
"500_0.33_(-500, 500)",197,sparse JL transform,"500_0.33_(-500, 500)","(20000, 10000)","(20110, 68)","{'ep': 0.9, 'de': 0.1}",0.990265293,1.0,0.253069141,11.818181818181818
"500_0.33_(-500, 500)",231,JL transform,"500_0.33_(-500, 500)","(20000, 20000)","(20110, 68)","{'ep': 0.9, 'de': 0.1}",1.919746086,0.99,0.314434664,6.1662414205145755
"500_0.66_(-100, 100)",0,extremely sparse JL transform,"500_0.66_(-100, 100)","(1000, 1000)","(1110, 2351)","{'ep': 0.05, 'de': 0.05}",0.01665421,0.56,0.449710506,0.03584519416590444
"500_0.66_(-100, 100)",28,extremely sparse JL transform,"500_0.66_(-100, 100)","(1000, 10000)","(1110, 1567)","{'ep': 0.1, 'de': 0.05}",0.11419455,0.96,0.559892751,7.857112970808646
"500_0.66_(-100, 100)",55,extremely sparse JL transform,"500_0.66_(-100, 100)","(1000, 20000)","(1110, 1616)","{'ep': 0.1, 'de': 0.1}",0.234984017,0.97,0.392562235,8.715012408758241
"500_0.66_(-100, 100)",102,PCA,"500_0.66_(-100, 100)","(10000, 1000)","(10110, 101)","{'n_components': 101, 'svd_solver': 'auto'}",2.163705115,0.77,0.278777644,0.3774350546483801
"500_0.66_(-100, 100)",104,extremely sparse JL transform,"500_0.66_(-100, 100)","(10000, 10000)","(10110, 3949)","{'ep': 0.05, 'de': 0.05}",1.391058728,0.94,2.475283905,3.6723757779197683
"500_0.66_(-100, 100)",141,sparse JL transform,"500_0.66_(-100, 100)","(10000, 20000)","(10110, 5526)","{'ep': 0.1, 'de': 0.1}",21.978529369,1.0,2.21864085,2.2727272727272725
"500_0.66_(-100, 100)",180,PCA,"500_0.66_(-100, 100)","(20000, 1000)","(20110, 201)","{'n_components': 201, 'svd_solver': 'auto'}",4.378205196,0.69,0.341539689,0.09340013686136348
"500_0.66_(-100, 100)",182,extremely sparse JL transform,"500_0.66_(-100, 100)","(20000, 10000)","(20110, 4202)","{'ep': 0.05, 'de': 0.05}",2.918232705,0.96,3.769718994,3.424895397531974
"500_0.66_(-100, 100)",209,extremely sparse JL transform,"500_0.66_(-100, 100)","(20000, 20000)","(20110, 4381)","{'ep': 0.05, 'de': 0.1}",5.457118761,0.97,4.038681405,2.569811351300507
"500_0.66_(-1000, 1000)",0,extremely sparse JL transform,"500_0.66_(-1000, 1000)","(1000, 1000)","(1110, 2351)","{'ep': 0.05, 'de': 0.05}",0.018565741,1.0,0.599552506,11.818181818181818
"500_0.66_(-1000, 1000)",26,extremely sparse JL transform,"500_0.66_(-1000, 1000)","(1000, 10000)","(1110, 3135)","{'ep': 0.05, 'de': 0.05}",0.114916177,1.0,0.584656361,11.818181818181818
"500_0.66_(-1000, 1000)",52,extremely sparse JL transform,"500_0.66_(-1000, 1000)","(1000, 20000)","(1110, 3371)","{'ep': 0.05, 'de': 0.05}",0.239034363,1.0,0.710357395,11.818181818181818
"500_0.66_(-1000, 1000)",78,extremely sparse JL transform,"500_0.66_(-1000, 1000)","(10000, 1000)","(10110, 2961)","{'ep': 0.05, 'de': 0.05}",0.33863396,1.0,1.534112108,11.818181818181818
"500_0.66_(-1000, 1000)",117,sparse JL transform,"500_0.66_(-1000, 1000)","(10000, 10000)","(10110, 221)","{'ep': 0.5, 'de': 0.1}",0.876971727,1.0,0.272626672,11.818181818181818
"500_0.66_(-1000, 1000)",144,sparse JL transform,"500_0.66_(-1000, 1000)","(10000, 20000)","(10110, 88)","{'ep': 0.9, 'de': 0.05}",1.270817978,1.0,0.196907735,6.818181818181818
"500_0.66_(-1000, 1000)",156,extremely sparse JL transform,"500_0.66_(-1000, 1000)","(20000, 1000)","(20110, 3151)","{'ep': 0.05, 'de': 0.05}",0.702329844,1.0,2.223008138,11.818181818181818
"500_0.66_(-1000, 1000)",195,sparse JL transform,"500_0.66_(-1000, 1000)","(20000, 10000)","(20110, 221)","{'ep': 0.5, 'de': 0.1}",1.636122137,1.0,0.304814221,6.818181818181818
"500_0.66_(-1000, 1000)",222,sparse JL transform,"500_0.66_(-1000, 1000)","(20000, 20000)","(20110, 88)","{'ep': 0.9, 'de': 0.05}",2.427937632,1.0,0.345048206,5.151515151515151
"500_0.66_(-500, 500)",0,extremely sparse JL transform,"500_0.66_(-500, 500)","(1000, 1000)","(1110, 2351)","{'ep': 0.05, 'de': 0.05}",0.015409816,1.0,0.525158514,11.818181818181818
"500_0.66_(-500, 500)",26,extremely sparse JL transform,"500_0.66_(-500, 500)","(1000, 10000)","(1110, 3135)","{'ep': 0.05, 'de': 0.05}",0.124220939,1.0,0.998581134,11.818181818181818
"500_0.66_(-500, 500)",52,extremely sparse JL transform,"500_0.66_(-500, 500)","(1000, 20000)","(1110, 3371)","{'ep': 0.05, 'de': 0.05}",0.246195328,1.0,0.700939772,11.818181818181818
"500_0.66_(-500, 500)",81,extremely sparse JL transform,"500_0.66_(-500, 500)","(10000, 1000)","(10110, 1433)","{'ep': 0.1, 'de': 0.1}",0.214664363,1.0,0.722555907,11.818181818181818
"500_0.66_(-500, 500)",117,sparse JL transform,"500_0.66_(-500, 500)","(10000, 10000)","(10110, 221)","{'ep': 0.5, 'de': 0.1}",0.764864371,1.0,0.308310664,11.818181818181818
"500_0.66_(-500, 500)",153,JL transform,"500_0.66_(-500, 500)","(10000, 20000)","(10110, 68)","{'ep': 0.9, 'de': 0.1}",0.951419597,0.97,0.22876491,8.715012408758241
"500_0.66_(-500, 500)",160,extremely sparse JL transform,"500_0.66_(-500, 500)","(20000, 1000)","(20110, 315)","{'ep': 0.5, 'de': 0.05}",0.241226884,1.0,0.399026243,11.818181818181818
"500_0.66_(-500, 500)",195,sparse JL transform,"500_0.66_(-500, 500)","(20000, 10000)","(20110, 221)","{'ep': 0.5, 'de': 0.1}",1.85259009,1.0,0.368279037,6.818181818181818
"500_0.66_(-500, 500)",222,sparse JL transform,"500_0.66_(-500, 500)","(20000, 20000)","(20110, 88)","{'ep': 0.9, 'de': 0.05}",2.243245746,1.0,0.262544586,5.151515151515151
"500_0.99_(-100, 100)",0,extremely sparse JL transform,"500_0.99_(-100, 100)","(1000, 1000)","(1110, 2351)","{'ep': 0.05, 'de': 0.05}",0.034003501,0.82,0.798529824,1.6243858248795333
"500_0.99_(-100, 100)",43,JL transform,"500_0.99_(-100, 100)","(1000, 10000)","(1110, 1000)","{'ep': 0.05, 'de': 0.1}",0.687898067,0.93,0.503213204,5.719790903028013
"500_0.99_(-100, 100)",68,JL transform,"500_0.99_(-100, 100)","(1000, 20000)","(1110, 2000)","{'ep': 0.05, 'de': 0.05}",2.270106847,0.97,0.570873535,3.798851562792054
"500_0.99_(-100, 100)",79,extremely sparse JL transform,"500_0.99_(-100, 100)","(10000, 1000)","(10110, 2866)","{'ep': 0.05, 'de': 0.1}",0.354454702,0.78,1.645162492,0.9851371436915513
"500_0.99_(-100, 100)",104,extremely sparse JL transform,"500_0.99_(-100, 100)","(10000, 10000)","(10110, 3949)","{'ep': 0.05, 'de': 0.05}",1.377549446,0.82,1.822622287,0.9371456681997308
"500_0.99_(-100, 100)",149,JL transform,"500_0.99_(-100, 100)","(10000, 20000)","(10110, 5526)","{'ep': 0.1, 'de': 0.1}",23.362340424,0.97,1.862488688,1.648031192681847
"500_0.99_(-100, 100)",159,extremely sparse JL transform,"500_0.99_(-100, 100)","(20000, 1000)","(20110, 1528)","{'ep': 0.1, 'de': 0.1}",0.473637071,0.79,0.933321984,1.1189780824922644
"500_0.99_(-100, 100)",182,extremely sparse JL transform,"500_0.99_(-100, 100)","(20000, 10000)","(20110, 4202)","{'ep': 0.05, 'de': 0.05}",2.863807176,0.82,4.275541199,0.7080656159731299
"500_0.99_(-100, 100)",219,sparse JL transform,"500_0.99_(-100, 100)","(20000, 20000)","(20110, 5526)","{'ep': 0.1, 'de': 0.1}",42.486915482,0.97,1.986342483,1.5122651228077808
"500_0.99_(-1000, 1000)",0,extremely sparse JL transform,"500_0.99_(-1000, 1000)","(1000, 1000)","(1110, 2351)","{'ep': 0.05, 'de': 0.05}",0.017836245,1.0,0.572444707,11.818181818181818
"500_0.99_(-1000, 1000)",26,extremely sparse JL transform,"500_0.99_(-1000, 1000)","(1000, 10000)","(1110, 3135)","{'ep': 0.05, 'de': 0.05}",0.137661676,1.0,0.559479269,11.818181818181818
"500_0.99_(-1000, 1000)",52,extremely sparse JL transform,"500_0.99_(-1000, 1000)","(1000, 20000)","(1110, 3371)","{'ep': 0.05, 'de': 0.05}",0.249467862,1.0,0.601656369,11.818181818181818
"500_0.99_(-1000, 1000)",81,extremely sparse JL transform,"500_0.99_(-1000, 1000)","(10000, 1000)","(10110, 1433)","{'ep': 0.1, 'de': 0.1}",0.22516798,1.0,0.698178597,11.818181818181818
"500_0.99_(-1000, 1000)",116,sparse JL transform,"500_0.99_(-1000, 1000)","(10000, 10000)","(10110, 287)","{'ep': 0.5, 'de': 0.05}",0.941245024,1.0,0.240954457,11.818181818181818
"500_0.99_(-1000, 1000)",153,JL transform,"500_0.99_(-1000, 1000)","(10000, 20000)","(10110, 68)","{'ep': 0.9, 'de': 0.1}",0.952113113,1.0,0.224626433,11.818181818181818
"500_0.99_(-1000, 1000)",166,sparse JL transform,"500_0.99_(-1000, 1000)","(20000, 1000)","(20110, 100)","{'ep': 0.1, 'de': 0.05}",0.108001787,0.99,0.229888106,10.688151795558598
"500_0.99_(-1000, 1000)",197,sparse JL transform,"500_0.99_(-1000, 1000)","(20000, 10000)","(20110, 68)","{'ep': 0.9, 'de': 0.1}",0.930337145,1.0,0.204953573,11.818181818181818
"500_0.99_(-1000, 1000)",223,sparse JL transform,"500_0.99_(-1000, 1000)","(20000, 20000)","(20110, 68)","{'ep': 0.9, 'de': 0.1}",2.24971974,1.0,0.360947032,5.151515151515151
"500_0.99_(-500, 500)",24,PCA,"500_0.99_(-500, 500)","(1000, 1000)","(1110, 11)","{'n_components': 11, 'svd_solver': 'auto'}",0.169943472,0.88,0.166877056,3.2913751710202073
"500_0.99_(-500, 500)",35,sparse JL transform,"500_0.99_(-500, 500)","(1000, 10000)","(1110, 1000)","{'ep': 0.05, 'de': 0.1}",0.705131878,1.0,0.296084946,11.818181818181818
"500_0.99_(-500, 500)",64,sparse JL transform,"500_0.99_(-500, 500)","(1000, 20000)","(1110, 287)","{'ep': 0.5, 'de': 0.05}",0.385935852,1.0,0.211233747,11.818181818181818
"500_0.99_(-500, 500)",88,sparse JL transform,"500_0.99_(-500, 500)","(10000, 1000)","(10110, 100)","{'ep': 0.1, 'de': 0.05}",0.054982173,0.74,0.272462587,0.5819261378693309
"500_0.99_(-500, 500)",126,JL transform,"500_0.99_(-500, 500)","(10000, 10000)","(10110, 88)","{'ep': 0.9, 'de': 0.05}",0.638029706,0.99,0.303085302,10.688151795558598
"500_0.99_(-500, 500)",144,sparse JL transform,"500_0.99_(-500, 500)","(10000, 20000)","(10110, 88)","{'ep': 0.9, 'de': 0.05}",1.235512558,1.0,0.345950968,6.818181818181818
"500_0.99_(-500, 500)",178,JL transform,"500_0.99_(-500, 500)","(20000, 1000)","(20110, 88)","{'ep': 0.9, 'de': 0.05}",0.155351053,0.87,0.287152976,2.9359130768078763
"500_0.99_(-500, 500)",203,JL transform,"500_0.99_(-500, 500)","(20000, 10000)","(20110, 221)","{'ep': 0.5, 'de': 0.1}",1.495832936,1.0,0.363154698,6.818181818181818
"500_0.99_(-500, 500)",222,sparse JL transform,"500_0.99_(-500, 500)","(20000, 20000)","(20110, 88)","{'ep': 0.9, 'de': 0.05}",2.197578993,0.97,0.438957428,3.798851562792054
"500_0_(-100, 100)",0,extremely sparse JL transform,"500_0_(-100, 100)","(1000, 1000)","(1110, 2351)","{'ep': 0.05, 'de': 0.05}",0.031170188,0.53,0.539357393,0.02066851922501519
"500_0_(-100, 100)",50,PCA,"500_0_(-100, 100)","(1000, 10000)","(1110, 11)","{'n_components': 11, 'svd_solver': 'auto'}",1.632106983,1.0,0.150105558,6.818181818181818
"500_0_(-100, 100)",76,PCA,"500_0_(-100, 100)","(1000, 20000)","(1110, 11)","{'n_components': 11, 'svd_solver': 'auto'}",3.190225098,1.0,0.202280115,4.318181818181818
"500_0_(-100, 100)",102,PCA,"500_0_(-100, 100)","(10000, 1000)","(10110, 101)","{'n_components': 101, 'svd_solver': 'auto'}",1.649474619,0.87,0.316158557,1.6937960058506978
"500_0_(-100, 100)",104,extremely sparse JL transform,"500_0_(-100, 100)","(10000, 10000)","(10110, 3949)","{'ep': 0.05, 'de': 0.05}",1.380133871,0.99,2.889555019,6.1662414205145755
"500_0_(-100, 100)",130,extremely sparse JL transform,"500_0_(-100, 100)","(10000, 20000)","(10110, 4246)","{'ep': 0.05, 'de': 0.05}",2.531148397,1.0,2.653657733,5.151515151515151
"500_0_(-100, 100)",180,PCA,"500_0_(-100, 100)","(20000, 1000)","(20110, 201)","{'n_components': 201, 'svd_solver': 'auto'}",3.819766575,0.83,0.423121496,0.6700108694475252
"500_0_(-100, 100)",183,extremely sparse JL transform,"500_0_(-100, 100)","(20000, 10000)","(20110, 4074)","{'ep': 0.05, 'de': 0.1}",2.90200721,1.0,3.59627422,5.151515151515151
"500_0_(-100, 100)",235,extremely sparse JL transform,"500_0_(-100, 100)","(20000, 20000)","(20110, 4381)","{'ep': 0.05, 'de': 0.1}",4.798740981,1.0,3.320520448,3.8181818181818183
"500_0_(-1000, 1000)",0,extremely sparse JL transform,"500_0_(-1000, 1000)","(1000, 1000)","(1110, 2351)","{'ep': 0.05, 'de': 0.05}",0.016594855,1.0,0.595309225,11.818181818181818
"500_0_(-1000, 1000)",26,extremely sparse JL transform,"500_0_(-1000, 1000)","(1000, 10000)","(1110, 3135)","{'ep': 0.05, 'de': 0.05}",0.122539773,1.0,0.726361856,11.818181818181818
"500_0_(-1000, 1000)",52,extremely sparse JL transform,"500_0_(-1000, 1000)","(1000, 20000)","(1110, 3371)","{'ep': 0.05, 'de': 0.05}",0.244594255,1.0,0.791685561,11.818181818181818
"500_0_(-1000, 1000)",78,extremely sparse JL transform,"500_0_(-1000, 1000)","(10000, 1000)","(10110, 2961)","{'ep': 0.05, 'de': 0.05}",0.329014684,1.0,1.606594716,11.818181818181818
"500_0_(-1000, 1000)",117,sparse JL transform,"500_0_(-1000, 1000)","(10000, 10000)","(10110, 221)","{'ep': 0.5, 'de': 0.1}",0.761589205,1.0,0.326517195,11.818181818181818
"500_0_(-1000, 1000)",142,sparse JL transform,"500_0_(-1000, 1000)","(10000, 20000)","(10110, 287)","{'ep': 0.5, 'de': 0.05}",1.863303718,1.0,0.276449413,6.818181818181818
"500_0_(-1000, 1000)",156,extremely sparse JL transform,"500_0_(-1000, 1000)","(20000, 1000)","(20110, 3151)","{'ep': 0.05, 'de': 0.05}",0.707800604,1.0,2.316967627,11.818181818181818
"500_0_(-1000, 1000)",197,sparse JL transform,"500_0_(-1000, 1000)","(20000, 10000)","(20110, 68)","{'ep': 0.9, 'de': 0.1}",0.938322259,1.0,0.228592447,11.818181818181818
"500_0_(-1000, 1000)",231,JL transform,"500_0_(-1000, 1000)","(20000, 20000)","(20110, 68)","{'ep': 0.9, 'de': 0.1}",1.916562083,1.0,0.384137044,6.818181818181818
"500_0_(-500, 500)",0,extremely sparse JL transform,"500_0_(-500, 500)","(1000, 1000)","(1110, 2351)","{'ep': 0.05, 'de': 0.05}",0.021871045,1.0,0.502448701,11.818181818181818
"500_0_(-500, 500)",26,extremely sparse JL transform,"500_0_(-500, 500)","(1000, 10000)","(1110, 3135)","{'ep': 0.05, 'de': 0.05}",0.142388895,1.0,0.731034993,11.818181818181818
"500_0_(-500, 500)",52,extremely sparse JL transform,"500_0_(-500, 500)","(1000, 20000)","(1110, 3371)","{'ep': 0.05, 'de': 0.05}",0.236056684,1.0,0.871224807,11.818181818181818
"500_0_(-500, 500)",79,extremely sparse JL transform,"500_0_(-500, 500)","(10000, 1000)","(10110, 2866)","{'ep': 0.05, 'de': 0.1}",0.313495491,1.0,1.434820722,11.818181818181818
"500_0_(-500, 500)",116,sparse JL transform,"500_0_(-500, 500)","(10000, 10000)","(10110, 287)","{'ep': 0.5, 'de': 0.05}",0.879083936,1.0,0.275562181,11.818181818181818
"500_0_(-500, 500)",143,sparse JL transform,"500_0_(-500, 500)","(10000, 20000)","(10110, 221)","{'ep': 0.5, 'de': 0.1}",1.876636504,1.0,0.330759718,6.818181818181818
"500_0_(-500, 500)",156,extremely sparse JL transform,"500_0_(-500, 500)","(20000, 1000)","(20110, 3151)","{'ep': 0.05, 'de': 0.05}",0.688827969,1.0,2.663622194,11.818181818181818
"500_0_(-500, 500)",197,sparse JL transform,"500_0_(-500, 500)","(20000, 10000)","(20110, 68)","{'ep': 0.9, 'de': 0.1}",0.917972054,0.98,0.267322846,9.656314990489188
"500_0_(-500, 500)",231,JL transform,"500_0_(-500, 500)","(20000, 20000)","(20110, 68)","{'ep': 0.9, 'de': 0.1}",1.733602455,1.0,0.281216013,6.818181818181818
